Geladeira Consul CRD37E branca com freezer 334L 127V,R$ 1.999,R$ 1.900,None,1
Smart Tv Roku 42'' Ptv42g52 Fhd Dolby Áudio Philco,R$ 2.199,R$ 1.899,Frete grátis,2
iPhone X Vitrine 256gb Original Appl Exposição Promo À Vista,R$ 3.599,R$ 3.239,Frete grátis,3
Micro-ondas Panasonic NN-ST25LWRU   branco 21L 127V,R$ 699,R$ 499,Frete grátis,4
Notebook Acer Aspire 5 A514-54 dourada 14"| Intel Core i5 1135G7  8GB de RAM 256GB SSD| Intel Iris Xe Graphics G7 80EUs 60 Hz 1920x1080px Windows 10 Home,R$ 3.899,R$ 3.398,Frete grátis,5
Notebook gamer Acer Aspire Nitro 5 AN517-52 preta e vermelha 17.3"| Intel Core i5 10300H  8GB de RAM 512GB SSD| NVIDIA GeForce GTX 1650 144 Hz 1920x1080px Windows 10 Home,R$ 5.999,R$ 5.199,Frete grátis,6
Bota Masculina Coturno Adventure Trekking Mercado Envios!!!,R$ 139,R$ 12870,Frete grátis,7
Impressora De Peliculas Para Smartphones E Tablet - Myatech,R$ 4.599,R$ 4.236,Frete grátis,8
Smartphone Samsung Galaxy A03 Core Tl 6.5 32gb 2gb Ram Azul ,R$ 999,R$ 699,Frete grátis,9
50 Máscara Descartável Branca Tripla Com Clips Nasal,R$ 29,R$ 2178,None,10
Samsung Galaxy M12 (5000 mAh) Dual SIM 64 GB azul 4 GB RAM,R$ 1.599,R$ 1.057,Frete grátis,11
Samsung Galaxy A12 Dual SIM 64 GB black 4 GB RAM,R$ 1.799,R$ 1.102,Frete grátis,12
 Moto G20 Dual SIM 64 GB azul 4 GB RAM,R$ 1.596,R$ 1.133,Frete grátis,13
Smartphone Samsung Galaxy A03 Core Tl 6|5 32gb 2gb Ram Preto,R$ 999,R$ 699,Frete grátis,14
Alto-falante JBL Boombox 2 portátil com bluetooth black ,R$ 2.899,R$ 2.459,Frete grátis,15
Multilaser F Dual SIM 32 GB café 1 GB RAM,R$ 459,R$ 41990,Frete grátis,16
Piscina Inflável redonda Mor 001053 de 2.4m x 63cm 2400L azul,R$ 299,R$ 249,Frete grátis,17
Samsung Galaxy A22 Dual SIM 128 GB verde 4 GB RAM,R$ 1.899,R$ 1.470,Frete grátis,18
Ar condicionado Consul split frio 9000 BTU branco 220V CBN09CB|CBO09CB,R$ 1.649,R$ 1.299,None,19
LG K41S Dual SIM 32 GB titânio 3 GB RAM,R$ 1.299,R$ 899,Frete grátis,20
Smart TV Philco PTV32G70RCH LED HD 32" 110V/220V,R$ 1.699,R$ 1.399,Frete grátis,21
Ar condicionado Consul split inverter frio 9000 BTU branco 220V CBF09EB|CBG09EB,R$ 1.719,R$ 1.499,None,22
Samsung Galaxy A12 Dual SIM 64 GB white 4 GB RAM,R$ 1.799,R$ 1.139,Frete grátis,23
Liquidificador portátil Mondial Turbo Power L-99 2.2 L preto com jarra de san 220V,R$ 139,R$ 9990,Frete grátis,24
Notebook Lenovo IdeaPad 15IGL05  platinum gray 15.6"| Intel Celeron N4020  4GB de RAM 128GB SSD| Intel UHD Graphics 600 1366x768px Windows 11 Home,R$ 2.599,R$ 2.359,Frete grátis,25
Ar condicionado Gree portátil frio 12000 BTU branco 127V GPC12AK|A3NNA1C,R$ 2.699,R$ 1.549,None,26
 Moto E6i Dual SIM 32 GB pink 2 GB RAM,R$ 1.099,R$ 707,Frete grátis,27
Kit Jogo De Ferramentas 175 Pcs C/ Soquetes Chaves Completo,R$ 228,R$ 178,Frete grátis,28
Smart TV Toshiba 32V35KB DLED HD 32" 100V/240V,R$ 1.999,R$ 1.268,Frete grátis,29
Samsung Galaxy M32 (5000 mAh) Dual SIM 128 GB black 6 GB RAM,R$ 2.399,R$ 1.649,Frete grátis,30
 Moto E6i Dual SIM 32 GB cinza-titanium 2 GB RAM,R$ 1.099,R$ 707,Frete grátis,31
Arandela Frisos E Facho Externa + Led G9 5w St327,R$ 37,R$ 36,None,32
Kit Unha Gel Completo Fibra Kit Unhas Gel,R$ 279,R$ 24273,Frete grátis,33
Alto-falante Philco Go PBS25BT portátil com bluetooth preto 110V/220V ,R$ 199,R$ 139,Frete grátis,34
Alto-falante Mondial CM-400 portátil com bluetooth preto e vermelho 110V/220V ,R$ 749,R$ 549,Frete grátis,35
Samsung Galaxy A12 Dual SIM 64 GB red 4 GB RAM,R$ 1.799,R$ 1.109,Frete grátis,36
Piscina estrutural redonda Bestway 56677 com capacidade de 4678 litros de 3.05m de diâmetro  azul,R$ 999,R$ 69990,Frete grátis,37
Combo Duplo Whey Protein + 2x Bcaa + 2x Creatina + Shaker,R$ 199,R$ 14499,Frete grátis,38
Kit 2 Refletor Led 100w Holofote Bivolt Prova Dágua Luz Frio,R$ 119,R$ 11351,Frete grátis,39
Kit 10 Lâmpada Led 9w Bulbo Soquete E27 Bivolt Casa Comércio,R$ 57,R$ 48,None,40
Multilaser E Lite Dual SIM 32 GB preto 512 MB RAM,R$ 349,R$ 32990,Frete grátis,41
Smart TV Philco PTV50RCG70BL LED 4K 50" 110V/220V,R$ 2.999,R$ 2.569,Frete grátis,42
Mesa Para Computador Gamer Madesa 9409 - Preto,R$ 389,R$ 299,Frete grátis,43
Cacto Dançante E Falante Toca Música Repete A Fala Brinquedo,R$ 34,R$ 2992,None,44
Smartphone Samsung Galaxy A03 Tela 6.5 64 Gb 4 Gb Ram Azul,R$ 1.299,R$ 899,Frete grátis,45
Micro-ondas Panasonic NN-ST27LWRU   branco 21L 127V,R$ 719,R$ 529,Frete grátis,46
Jogo De Ferramentas Kit 129 Peças C/ Maleta + 40 Peças,R$ 218,R$ 148,Frete grátis,47
Alto-falante JBL Clip 3 portátil com bluetooth ocean blue ,R$ 399,R$ 199,Frete grátis,48
Jogo De Ferramentas Kit 129 Peças C/ Maleta + 40 Peças,R$ 218,R$ 148,Frete grátis,1
Tablet Tab P11 Plus Octa 4gb 64gb Wi-fi Android Lenovo,R$ 2.399,R$ 1.979,Frete grátis,2
Leite Condensado Integral Moça Nestlé Lata 395g,R$ 6,R$ 549,None,3
Notebook Positivo BGH Motion Q464C gray 14.1"| Intel Atom Z8350  4GB de RAM 64GB SSD| Intel HD Graphics 1366x768px Windows 10 Home,R$ 1.961,R$ 1.699,Frete grátis,4
Kit 100 Máscara Kn95 Proteção 5 Camada Descartavel Pff2 N95,R$ 124,R$ 9991,Frete grátis,5
Alto-falante JBL Clip 3 portátil com bluetooth ocean blue ,R$ 399,R$ 199,Frete grátis,6
Samsung Galaxy S20 FE Dual SIM 128 GB cloud mint 6 GB RAM,R$ 4.999,R$ 2.699,Frete grátis,7
Colete Piscina Crianca Infantil Kids Bóia De Braço Não Fura,R$ 95,R$ 8535,Frete grátis,8
Kit Com 5 Bermudas Shorts Moletom Masculinos Super Top ,R$ 108,R$ 10152,Frete grátis,9
Kit 100 Máscara Caixa Descartável Tripla C/ Filtro Meltblown,R$ 49,R$ 4249,None,10
Trio Mesa Cilindro Decoração Festa Mini Table Promoção P-m-g,R$ 169,R$ 14951,Frete grátis,11
Kit 10 Painel Plafon Led 18w Quadrado Embutir Luminária,R$ 299,R$ 232,Frete grátis,12
Kit 50 Máscaras Kn95 Proteção 5 Camada Respiratória Pff2 N95,R$ 55,R$ 4759,None,13
Máquina Solda Inversora 230a 220v Alumínio Tig 250g Eletrodo,R$ 498,R$ 45318,Frete grátis,14
Vade Mecum Saraiva Tradicional 2022/1º Semestre - 33 Edição,R$ 189,R$ 16711,Frete grátis,15
Sanduicheira Mallory 2 Em 1 Grillmax Com Antiaderente,R$ 102,R$ 8990,Frete grátis,16
Termômetro Laser Digital Profissional Industrial E Culinário,R$ 116,R$ 10644,Frete grátis,17
Piscina Inflável redonda Atrio ES304 de 2.4m x 0.63m 2500L azul,R$ 279,R$ 22392,Frete grátis,18
 Kit 6 Banqueta Alta Com Junco Degrade Direto Da Fabrica ,R$ 660,R$ 55462,Frete grátis,19
Kit 12 Cuecas Sem Costura Listrada Polo Wear,R$ 199,R$ 9999,Frete grátis,20
Impressora a cor multifuncional Epson EcoTank L3250 com wifi preta 100V/240V,R$ 1.499,R$ 1.235,Frete grátis,21
Mouse sem fio Logitech  M280 preto,R$ 99,R$ 7990,Frete grátis,22
Tênis Runfalcon 2.0 Masculino adidas,R$ 299,R$ 19999,Frete grátis,23
Samsung Galaxy A22 Dual SIM 128 GB branco 4 GB RAM,R$ 1.899,R$ 1.499,Frete grátis,24
Babá Eletrônica Câmera Sem Fio Visão Noturna Lcd Digital 2p,R$ 385,R$ 33932,Frete grátis,25
 Aquecedor A Gás 20 Litros Komeco Digital Glp Gás De Cozinha,R$ 1.871,R$ 1.759,Frete grátis,26
Torno Morsa De Bancada 5 125mm Giratoria C/ Bigorna Sparta,R$ 148,R$ 13468,Frete grátis,27
Alto-falante JBL PartyBox On-The-Go portátil com bluetooth black 100V/240V ,R$ 2.199,R$ 1.899,Frete grátis,28
Samsung Galaxy A51 Dual SIM 128 GB haze crush silver 4 GB RAM,R$ 2.699,R$ 1.899,Frete grátis,29
No break Intelbras XNB 600 600VA entrada e saída de 120V preto,R$ 480,R$ 388,Frete grátis,30
Fone De Ouvido Bluetooth Intra-auricular Airdot's Promoção ,R$ 78,R$ 7109,None,31
Tenda Barraca Gazebo Sanfonado Praia Camping Articulado 3x3m,R$ 743,R$ 66870,Frete grátis,32
Kit 3 Pares De Sapatenis Masculino Casual Elástico Conforto ,R$ 159,R$ 14551,Frete grátis,33
Kit 3 Camisetas Térmicas Masculina Segunda Pele Camisa Uv 50,R$ 129,R$ 12194,Frete grátis,34
 Bomba Costal Pulverizador Agricola Manual 20 Litros Vonder ,R$ 189,R$ 17955,Frete grátis,35
Tênis Nike Sportswear Court Vision Mid Next Nature Masculino,R$ 449,R$ 25999,Frete grátis,36
Controle Longa Distância Stetsom Sx2 500 Metros Vermelho,R$ 99,R$ 8990,Frete grátis,37
Espuma Acústica Kit C/100 Placas - 50cm X 50cm X 2cm - C.o,R$ 752,R$ 67760,Frete grátis,38
Fonte Automotiva Usina 200a 14|4v 220v Com Voltímetro Som,R$ 694,R$ 62541,Frete grátis,39
 Moto G30 Dual SIM 128 GB white lilac 4 GB RAM,R$ 1.899,R$ 1.799,Frete grátis,40
Câmera Speed Dome Full Hd 1080p Ptz Ip66 Ir 30mts,R$ 269,R$ 25109,Frete grátis,41
Pneu Barum Bravuris 5HM P 175/70R13 82 T,R$ 339,R$ 30250,None,42
Smart TV Philco PTV24G50SN DLED HD 24" 110V/220V,R$ 1.299,R$ 1.089,Frete grátis,43
Tênis Nike Sportswear Court Vision Mid Next Nature Masculino,R$ 449,R$ 25999,Frete grátis,44
Jogo De Panelas 6 Peças Ceramic Life Easy 4789/113 Brinox,R$ 389,R$ 34701,Frete grátis,45
Tapete Atividade Bebe Interativo Desenvolvimento Bichinhos,R$ 158,R$ 13904,Frete grátis,46
Apple iPhone SE (2a geração) 64 GB - Branco,R$ 3.699,R$ 2.899,Frete grátis,47
Kit 10 Lâmpada 15w Bulbo Soquete E27 Bivolt Casa Comércio,R$ 138,R$ 10764,Frete grátis,48
Smart Tv 50'' 4k Android 50pug7406 Philips,R$ 3.699,R$ 2.799,Frete grátis,1
Kit Com 10 Calcinhas Tipo Biquíni Em Microfibra Delrio,R$ 141,R$ 7990,Frete grátis,2
Truss Infusion Shampoo + Condicionador 300ml,R$ 125,R$ 10750,Frete grátis,3
Cozinha Compacta Madesa Emilly Pop Com Armário E Balcão,R$ 979,R$ 77999,Frete grátis,4
Termômetro Digital Febre Infravermelho Laser Alta Precisão,R$ 68,R$ 5994,None,5
 Moto G60 Dual SIM 128 GB azul 6 GB RAM,R$ 2.699,R$ 2.189,Frete grátis,6
Ar condicionado Consul split inverter frio 12000 BTU branco 220V CBF12EB|CBG12EB,R$ 2.099,R$ 1.749,None,7
Tapete Estampado 150x200 Sala Veludo Luxuoso Aveludado,R$ 125,R$ 11582,Frete grátis,8
Relógio Feminino Technos Fashion 2035lwm/4x Garantia +nf,R$ 399,R$ 29526,Frete grátis,9
Camisas Social Masculina Slim Fit - Atacado - Pronta Entrega,R$ 65,R$ 52,None,10
Pc Computador Cpu Intel Core I5 + Ssd 240gb| 8gb Memória Ram,R$ 1.829,R$ 1.647,Frete grátis,11
Macaco Hidráulico 3 Toneladas Tipo Garrafa Sparta,R$ 102,R$ 9261,Frete grátis,12
Multifuncional Epson Ecotank L3250 Direct Ecofit C11cj67303,R$ 1.799,R$ 1.249,Frete grátis,13
Kit 250 Máscara Caixa Descartável Tripla C/ Filtro Meltblown,R$ 109,R$ 9349,Frete grátis,14
Kit Bota Caterpillar Adventure Couro Carteira Cinto Chinelo ,R$ 149,R$ 13491,Frete grátis,15
Massageador Elétrico Profissional Muscular Pistola Original,R$ 172,R$ 15480,Frete grátis,16
Bebê Reborn Molde Abigail Pode Banhar Cabelo Fio A Fio 2 Kg,R$ 499,R$ 43912,Frete grátis,17
Impressora a cor multifuncional Canon Pixma G3110 com wifi preta 110V/220V,R$ 1.399,R$ 999,Frete grátis,18
Apple iPhone 12 mini (64 GB) - Branco,R$ 6.499,R$ 4.858,Frete grátis,19
Cadeirinha De Bebê Vibratória E Musical De Descanso Protek,R$ 189,R$ 16711,Frete grátis,20
Roteador Amplimax Fit 4g Elsys Modem Internet,R$ 569,R$ 53570,Frete grátis,21
Panela De Pressão Fechamento Externo 4|5l Antiaderente,R$ 179,R$ 159,Frete grátis,22
Cortina Blackout Com Voil 4|00m X 2|70m Blecaute Em Tecido Para Quarto E Sala ,R$ 229,R$ 21840,Frete grátis,23
*fonte Automotiva Chaveada 13|8 V 90 Amperes + Extensao Cabo,R$ 189,R$ 17089,Frete grátis,24
Fone de ouvido in-ear JBL Endurance Run black,R$ 129,R$ 109,Frete grátis,25
Kit 2 Tênis Masculino Casual Academia Caminhada Barato Origi,R$ 129,R$ 11821,Frete grátis,26
Balança De Cozinha Digital 10kg - Lyor,R$ 29,R$ 24,None,27
Ultra Super Led 20000lm - H1 H3 H4 H7 H11 Hb4 6500k - Xenom,R$ 77,R$ 6683,None,28
50 Máscaras Descartáveis Tripla Camada Com Clipe Nasal,R$ 29,R$ 2840,None,29
Exaustor Diâmetro De 40 Cm Linha Comercial Ventisol 220v,R$ 267,R$ 24088,Frete grátis,30
One 1 Million 200ml Masculino | Original + Amostra De Brinde,R$ 749,R$ 37450,Frete grátis,31
Kit 5 Peças Bermuda Moletom  Masculina 06 Cores Atacado ,R$ 120,R$ 11280,Frete grátis,32
Ultra Led Shocklight 10.000 Lumens H1 H3 H4 H7 H11 Hb4 H13 ,R$ 235,R$ 19579,Frete grátis,33
Fio Eletrico Flexivel 6mm - Rolo Com 100mts Colorido ,R$ 296,R$ 27291,Frete grátis,34
Jogo De Ferramentas 150 Peças Sata St09510sj Original,R$ 1.249,R$ 99992,Frete grátis,35
LG K22 Dual SIM 32 GB titan 2 GB RAM,R$ 999,R$ 849,Frete grátis,36
Piscina Inflável 2500l Es304 Atrio + Bomba 19257,R$ 279,R$ 22392,Frete grátis,37
Brinquedo Blocos De Montar Infantil Educativo 500 Peças,R$ 114,R$ 10037,Frete grátis,38
Carregador Original Samsung 25w Turbo S20 S10 S21 Plus Ultra,R$ 169,R$ 15291,Frete grátis,39
Câmera Segurança Ip Wifi Auto Tracking Audio Infravermelho,R$ 268,R$ 23628,Frete grátis,40
Notebook Acer Aspire 3 A315-56 cinza 15.6"| Intel Core i3 1005G1  4GB de RAM 256GB SSD| Intel UHD Graphics G1 60 Hz 1920x1080px Windows 10 Home,R$ 4.199,R$ 3.099,Frete grátis,41
Cortador de cabelo Wahl Home Easy Cut  preto 127V,R$ 89,R$ 5990,Frete grátis,42
3 Luminárias Pendentes Cone Canadá Sala Cozinha Churrasqueir,R$ 139,R$ 13158,Frete grátis,43
Notebook Samsung Book E20 gray 15.6"| Intel Celeron 5205U  4GB de RAM 500GB HDD| Intel Graphics UHD 620 1366x768px Windows 10 Home,R$ 3.599,R$ 2.699,Frete grátis,44
Cadeira Praia Varanda Alta Alumínio 4un Cad0047 Botafogo,R$ 325,R$ 26990,Frete grátis,45
Mouse sem fio Logitech  M280 prateado,R$ 149,R$ 6990,Frete grátis,46
Kit Painel Redondo 150x210 Arco + Trio Cilindro Liso Mdf Cru,R$ 219,R$ 19351,Frete grátis,47
Tenda Gazebo 3x3 Aluminio Barraca Praia Sanfonada Articulada,R$ 679,R$ 64599,Frete grátis,48
Climatizador Umidificador Amvox 18l Digital Ar Frio Portátil,R$ 949,R$ 85491,Frete grátis,1
Cadeirinha Musical Descanso Funtime Maxibaby 18kg Unicórnio,R$ 349,R$ 288,Frete grátis,2
Tênis New Balance Hierro V6 Corrida Masculino Mthiero6,R$ 899,R$ 85446,Frete grátis,3
Caneta Alta Rotação Led Kavo 636cp Não É Nsk Novo Modelo,R$ 539,R$ 47971,Frete grátis,4
Mouse sem fio Logitech  M280 prateado,R$ 149,R$ 6990,Frete grátis,5
Câmera Segurança Ip Wifi Auto Tracking Audio Infravermelho,R$ 268,R$ 23628,Frete grátis,6
Ventilador de parede Ventisol Monta Fácil turbo preto com 6 pás| 51 cm de diâmetro 127 V,R$ 249,R$ 22410,Frete grátis,7
Carrinho Passeio Infantil Criança Bebê Protetor / Empurrador,R$ 359,R$ 31671,Frete grátis,8
Point Pro 2 - A Máquina De Cartão Do Mercado Pago Chip Vivo,R$ 135,R$ 11475,Frete grátis,9
1 Par Lampada Led Automotiva H1/h3/h4/h7/h11/hb3/hb4/h11/h27,R$ 45,R$ 3908,None,10
Máquina Solda Inversora 155a 110v 127v + Máscara + Brindes ,R$ 496,R$ 45136,Frete grátis,11
Fraldas Huggies Supreme Care M 40 u,R$ 57,R$ 2999,None,12
Troninho Infantil Fazendinha Musical Desfralde -prime Baby R,R$ 121,R$ 10727,Frete grátis,13
Lanterna Led Recarregável 500m De Alcance,R$ 127,R$ 8286,Frete grátis,14
Bolsa De Lado Feminina + Bolsa Tote Alça Tiracolo + Carteira,R$ 149,R$ 13649,Frete grátis,15
Micro-ondas Pmo34eb 34 Litros Espelhado Philco ,R$ 1.099,R$ 679,Frete grátis,16
Roteador Amplimax Fit 4g Elsys Modem Internet,R$ 569,R$ 53570,Frete grátis,17
Luminária Solar Led Parede Refletore 128 Cob Sensor Controle,R$ 109,R$ 10329,Frete grátis,18
Bomba Filtro Piscina 50000 L + Motor Para Piscina 1/2 Cv Weg,R$ 1.699,R$ 1.597,Frete grátis,19
Pistola Pintura Pulverizadora Tinta Paint Com Bico De Metal,R$ 238,R$ 22695,Frete grátis,20
Kit 2 Dispenser Para Álcool Gel + 2 Porta Papel Toalha,R$ 158,R$ 9796,Frete grátis,21
Kit Painel Redondo 150x210 Arco + Trio Cilindro Liso Mdf Cru,R$ 219,R$ 19351,Frete grátis,22
One 1 Million 200ml Masculino | Original + Amostra De Brinde,R$ 749,R$ 37450,Frete grátis,23
Kit 02 Poltronas Decorativa Sala Oferta - Balaqui Decor,R$ 314,R$ 28026,None,24
Kit 5 Spot Led Embutir Direcionável Luminaria Cozinha Quarto,R$ 58,R$ 4988,None,25
Fita Teste Glicose Tira Glicemia G-tech Free 200 Unidades,R$ 179,R$ 15291,Frete grátis,26
Fio Eletrico Flexivel 6mm - Rolo Com 100mts Colorido ,R$ 296,R$ 27291,Frete grátis,27
Kit 100 Máscara Kn95 Proteção 5 Camada Respiratória Pff2 N95,R$ 119,R$ 10199,Frete grátis,28
Extrator Bomba De Tirar Leite Materno Elétrico  - Momo,R$ 239,R$ 178,Frete grátis,29
Skate Skateboard Iniciante Completo + Kit Proteção Completo,R$ 240,R$ 16560,Frete grátis,30
Climatizador De Ar Frio Portátil 4 Funções Cl-03 Mondial,R$ 488,R$ 43978,Frete grátis,31
Radio Comunicador Dual Band Baofeng Uv-5r Vhf Uhf,R$ 237,R$ 20382,Frete grátis,32
Cadeira De Escritório Presidente Charles Eames Giratória,R$ 799,R$ 71991,Frete grátis,33
Casa Casinha De Boneca Mdf 36 Móveis Parquinho Montada,R$ 129,R$ 11431,Frete grátis,34
Apple iPhone 12 (64 GB) - Roxo,R$ 7.999,R$ 5.110,Frete grátis,35
Kit 5 Conjunto Menino Roupa Infantil Shorts Moletom Atacado,R$ 94,R$ 8541,Frete grátis,36
Sérum Fortalecedor Facial Minéral 89 50ml Vichy,R$ 189,R$ 12990,Frete grátis,37
Monitor gamer curvo Samsung Odyssey G5 C34G55TWW led 34 " preto 100V/240V,,R$ 3.999,Frete grátis,38
Cinta Modeladora Colete 12 Barbatanas Corselet Redutora Ci16,R$ 63,R$ 5890,None,39
Fone de ouvido neckband sem fio JBL Tune 125BT black,R$ 189,R$ 149,Frete grátis,40
Grill Sanduicheira Asteria Press Mallory 900w Inox Antiadere,R$ 169,R$ 15460,Frete grátis,41
Kit 2 Calça Jeans  Masculina Slim   Elastano Temos 3 Modelos,R$ 78,R$ 7416,None,42
Alicate De Cuticula Profissional 777 Inox Afiado Mundial,R$ 31,R$ 2390,None,43
Geladeira frost free Brastemp BRM44H branca com freezer 375L 127V,R$ 3.329,R$ 2.999,Frete grátis,44
Cortina Sala Quarto Corta Luz 100% Blackout 2|80x2|30 Cores,R$ 154,R$ 14724,Frete grátis,45
Notebook Samsung Book E20 gray 15.6"| Intel Celeron 5205U  4GB de RAM 500GB HDD| Intel Graphics UHD 620 1366x768px Windows 10 Home,R$ 3.599,R$ 2.699,Frete grátis,46
Smart TV TCL P615 Series 50P615-AP DLED 4K 50" 100V/240V,R$ 3.399,R$ 2.699,Frete grátis,47
Smart TV LG 43UN731C0SC LED 4K 43" 110V/220V,R$ 2.699,R$ 2.449,Frete grátis,48
Kit 3 Mamadeiras Classic Anticólica 125/260/330ml Avent,R$ 149,R$ 12890,Frete grátis,1
Kit 5 Conjunto Menino Roupa Infantil Shorts Moletom Atacado,R$ 94,R$ 8541,Frete grátis,2
Fita Teste Glicose Tira Glicemia G-tech Free 200 Unidades,R$ 179,R$ 15291,Frete grátis,3
Monitor gamer curvo Samsung Odyssey G5 C34G55TWW led 34 " preto 100V/240V,,R$ 3.999,Frete grátis,4
Grill Sanduicheira Asteria Press Mallory 900w Inox Antiadere,R$ 169,R$ 15460,Frete grátis,5
Flocos Isopor 300 Litros Para Enchimento Puff Pera Gota Maça,R$ 66,R$ 6029,None,6
Cadeira Praia Varanda Alta Alumínio 2un Cad0047 Botafogo,R$ 189,R$ 13990,Frete grátis,7
Geladeira frost free Brastemp BRM44H branca com freezer 375L 127V,R$ 3.329,R$ 2.999,Frete grátis,8
Alicate De Cuticula Profissional 777 Inox Afiado Mundial,R$ 31,R$ 2390,None,9
Smart TV LG 43UN731C0SC LED 4K 43" 110V/220V,R$ 2.699,R$ 2.449,Frete grátis,10
Kit 3 Calças Lisa Moletom Masculina Sport Academia Treino ,R$ 156,R$ 14084,Frete grátis,11
Sérum Fortalecedor Facial Minéral 89 50ml Vichy,R$ 189,R$ 12990,Frete grátis,12
Cinta Modeladora Colete 12 Barbatanas Corselet Redutora Ci16,R$ 63,R$ 5890,None,13
Espumante Francês Ice Rose 750ml Veuve Du Vernay,R$ 142,R$ 4841,Frete grátis,14
Kit 2 Calça Jeans  Masculina Slim   Elastano Temos 3 Modelos,R$ 78,R$ 7416,None,15
Ar Condicionado Portátil Shiny Gree 12000 Btus Frio 127v,R$ 2.699,R$ 1.549,None,16
Kit 5 Spot Led Embutir Direcionável Luminaria Cozinha Quarto,R$ 58,R$ 4988,None,17
Mesa Dobrável Vira Maleta Com  Alça 1|80m,R$ 537,R$ 48417,Frete grátis,18
Cozinha Compacta Pequim 9 Portas Mp2933 Multimóveis Carvalho,R$ 615,R$ 54990,None,19
Relógio Smartwatch T80s Rose Feminino 2 Pulseiras Com Nfe ,R$ 189,R$ 17660,Frete grátis,20
Serra Mármore Gamma Profissional 1240w 45° Hg077,R$ 259,R$ 23651,Frete grátis,21
Modulo Taramps Ts400 T400 X4 Digital 400 W Rms Ts 400x4 ,R$ 256,R$ 23062,Frete grátis,22
Pc Computador Cpu Intel Core I3 Ssd 240gb / 8gb Memória Ram,R$ 1.449,R$ 1.333,Frete grátis,23
Perfil Embutir 2m Slim 24mm C/ Fita 120 Leds E Fonte  ,R$ 219,R$ 18691,Frete grátis,24
Cervejeira Vertical Consul 82 Litros Frost Free Czd12at,R$ 1.299,R$ 1.104,None,25
Lustre De Cristal Acrilico Marrycrilic  Belissimo!,R$ 118,R$ 9490,Frete grátis,26
Cascata High Tech Naja Baby P/ Piscina 12x S/juros + Brinde,R$ 298,R$ 28310,Frete grátis,27
Kit 10 Farol Milha 16 Led 48w 12v/24v Quadrad Off-road 6000k,R$ 245,R$ 21070,Frete grátis,28
Cortina Sala Quarto Corta Luz 100% Blackout 2|80x2|30 Cores,R$ 154,R$ 14724,Frete grátis,29
Kit C/10 Toalhas De Banho Hotel Pousada Salão Felpudas Motel,R$ 279,R$ 25110,Frete grátis,30
Cadeira infantil para carro Fisher-Price All-Stages Fix 2.0 preto,R$ 1.019,R$ 89672,Frete grátis,31
Portão De Proteção Para Cães Pequeno E Médios Portes  ,R$ 76,R$ 6767,None,32
Samsung Galaxy A02 Dual SIM 32 GB vermelho 2 GB RAM,R$ 1.099,R$ 899,Frete grátis,33
Semi Joias Atacado 60 Pç Folheado Ouro 18k Com Mostruário,R$ 119,R$ 10948,Frete grátis,34
Soprador Térmico C/ Kit De Bicos| Espátula E Maleta Gamma,R$ 169,R$ 15461,Frete grátis,35
Kit 10 Cuecas Boxer Elástico Bordado Original - Polo Voker ,R$ 99,R$ 8881,Frete grátis,36
Tapy - Tapioqueira - Preta,R$ 78,R$ 6474,None,37
Caixa De Som Amplificada Portátil Bluetooth Microfone Led,R$ 223,R$ 19178,Frete grátis,38
Cortina Jacquard Sala E Quarto 3 00mts X 2 30 Esticada,R$ 78,R$ 7495,None,39
Água de Coco Kero Coco 1 Litro,R$ 8,R$ 809,None,40
Cadeira Mocho Dentista| Tatuador| Podólogo,R$ 284,R$ 25641,Frete grátis,41
Cortina Blackout Em Tecido 6|00 X 2|80 Corta Luz Com Ilhos,R$ 209,R$ 19730,Frete grátis,42
Fita Led Rgb 5050 Rolo 5m 300 Leds Prova D'água + Controle,R$ 63,R$ 4605,None,43
Cozinha Infantil Menina Completa Pia Fogão Forno Sai Água,R$ 149,R$ 13191,Frete grátis,44
Cerveja Colorado Appia Garrafa 600ml,R$ 10,R$ 824,None,45
Pinador Pneumatico Para Pinos De 10 A 50mm Mtx Profissional,R$ 198,R$ 18018,Frete grátis,46
Apple iPhone 12 (128 GB) - Verde,R$ 7.599,R$ 5.799,Frete grátis,47
Vinho rosé seco Uvas Diversas Casillero del Diablo Reserva adega Concha y Toro SA 750 ml,R$ 69,R$ 3707,None,48
Vinho rosé seco Uvas Diversas Casillero del Diablo Reserva adega Concha y Toro SA 750 ml,R$ 69,R$ 3707,None,1
Arandela Slim 2 Focos Parede + Led G9 5w St1597,R$ 38,R$ 3578,None,2
Receptor Digital Satmax Plus Etrs55,R$ 310,R$ 279,Frete grátis,3
Cadeira Praia Varanda Alta Alumínio Cad0047 Botafogo,R$ 78,R$ 6990,None,4
Paquimetro Digital 150mm Inox Profissional C/ Estojo Mtx,R$ 78,R$ 7180,None,5
Kit Gamer Teclado Led Headset + Mouse 2400 Dpi Mpad,R$ 198,R$ 18904,Frete grátis,6
Cadeira De Alimentação Assento Cadeirinha Bebe Poke Cores,R$ 329,R$ 28952,Frete grátis,7
Jogo De Lençol Casal 4 Peças Ponto Palito Percal 400 Fios ,R$ 125,R$ 11708,Frete grátis,8
Boneca Bebê Reborn Real 18 Itens Bolsa Maternidade Promoção!,R$ 187,R$ 16541,Frete grátis,9
Mesa Gamer Madesa 9409 - Preto,R$ 339,R$ 28999,None,10
Samsung Galaxy A52 Dual SIM 128 GB branco 6 GB RAM,R$ 3.499,R$ 2.079,Frete grátis,11
Samsung Galaxy A52 Dual SIM 128 GB azul 6 GB RAM,R$ 3.499,R$ 2.069,Frete grátis,12
Alto-falante JBL Clip 4 portátil com bluetooth black ,R$ 399,R$ 299,Frete grátis,13
Smart TV AOC 43S5195/78G LED Full HD 43" 110V/220V,R$ 2.849,R$ 1.959,Frete grátis,14
Cadeira De Descanso Bebe Balanço E Musical Maxi Baby 18kg,R$ 349,R$ 278,Frete grátis,15
Pistola Elétrica Pulverizadora De Pintura Hlvp Compressor ,R$ 229,R$ 20839,Frete grátis,16
Palheta Limpador Parabrisa Original Bosch Aerofit + Traseira,R$ 144,R$ 12461,Frete grátis,17
Mini Ventilador De Mesa Portátil Usb Silencioso Pequeno Note,R$ 37,R$ 3341,None,18
Climatizador De Ar Frio Portátil 4 Funções Cl-03 Mondial,R$ 488,R$ 43978,Frete grátis,19
Bicicleta Aro 29 Ksw Xlt 24 Marchas Shimano Freio Hidraulico,R$ 1.699,R$ 1.597,None,20
 Moto G10 Dual SIM 64 GB cinza-aurora 4 GB RAM,R$ 1.699,R$ 1.499,Frete grátis,21
 Moto G9 Play Dual SIM 64 GB verde-turquesa 4 GB RAM,R$ 1.599,R$ 1.460,Frete grátis,22
Kit Miçanga Infantil Para Pulseira Com 1.100 Peças + Brinde,R$ 52,R$ 4708,None,23
Kit 4 Bancos Alto Com Encosto Juncado Cappuccino (promoção),R$ 478,R$ 42143,Frete grátis,24
Cervejeira Smartbeer Carbono 82l Frost Free Cze12ae Consul,R$ 1.299,R$ 1.104,None,25
Tapete Atividades Bebê Estimula Visão Tato Lavável Mobile,R$ 164,R$ 14519,Frete grátis,26
LG K52 (13 Mpx) Dual SIM 64 GB red 3 GB RAM,R$ 1.499,R$ 1.199,Frete grátis,27
Taramps Ts400 X4 Amplificador Digital 400w Rms Mono Estereo,R$ 274,R$ 24741,Frete grátis,28
Anti Mofo Secar Original 180g Caixa Com 24 Unidades,R$ 167,R$ 15937,Frete grátis,29
4 Strobo Automotivo Carro Ajk 4 Faróis Rgb Com Controle Novo,R$ 159,R$ 13751,Frete grátis,30
Impressora Multifuncional Canon Mega Tank G3111 Wifi Color,R$ 1.144,R$ 97240,Frete grátis,31
Imecap Colágeno Hidrolisado Verisol Com Acido Hialurônico,R$ 69,R$ 4990,None,32
Chinelo Kenner Sandália Original Kivah Masculino,R$ 134,R$ 12815,Frete grátis,33
Smartphone Samsung Galaxy A03 Tela 6.5 64 Gb 4 Gb Ram Preto,R$ 1.299,R$ 899,Frete grátis,34
Kit Com 10 Cuecas Boxer Algodão Sem Costura Zorba 781,R$ 223,R$ 17648,Frete grátis,35
Urso Teddy Bear Grande Gigante Pelúcia Macio 110cm Nacional,R$ 153,R$ 13543,Frete grátis,36
Kit 3 Tênis Masculino Header Spider Super Leve + Relógio,R$ 189,R$ 14622,Frete grátis,37
Conversor Digital Dtv-7000s - Aquario*,R$ 108,R$ 9801,Frete grátis,38
Termometro Laser Digital Infravermelho Febre De Testa Bebe,R$ 57,R$ 5268,None,39
Bomba D' Água Periférica Razi 1/2 Cv 370w 127/220v,R$ 189,R$ 17470,Frete grátis,40
Lava-Roupas Líquido Omo Puro Cuidado Galão 3l,R$ 39,R$ 3191,None,41
Fones De Ouvido Via Bluetooth Interligados Branco Barato,R$ 29,R$ 2579,None,42
 Moto E7 Power Dual SIM 32 GB vermelho-coral 2 GB RAM,R$ 1.099,R$ 868,Frete grátis,43
Climatizador Portátil Digital 18 Litros Umidificador Amvox,R$ 899,R$ 85490,Frete grátis,44
Bolsa Animes  Escola Novidade + Estojo Com Relogio,R$ 118,R$ 11176,Frete grátis,45
Guincho Eletrico Prime V2 Menegotti 300/600kg 220v,R$ 849,R$ 76410,Frete grátis,46
Kit Ferramentas C/200 Pçs Linha Profissional 05456 Titanium ,R$ 84,R$ 7726,Frete grátis,47
Antena Interna Tv Digital Intelbras Uhf Hdtv 4k Ai 2031,R$ 59,R$ 5391,None,48
Mala De Carrinho Infantil Tigor Level Up,R$ 349,R$ 32881,Frete grátis,1
Kit Completo Barras De Led 43pfg5000 43pfg5100 Le43d1452,R$ 179,R$ 16110,Frete grátis,2
Bateria 12v 2ah Max Li-ion Lítio Makita Bl1021 Nova ,R$ 186,R$ 106,Frete grátis,3
Kit 4 Farol Led Redondo Milha 42w 14 Leds Carro Jeep 12v/24v,R$ 120,R$ 10405,Frete grátis,4
Cadeira Alta De Alimentacao Refeição Para Bebê Multikids,R$ 379,R$ 30711,Frete grátis,5
Processador Intel Core i3-10100F BX8070110100F de 4 núcleos e  4.3GHz de frequência,R$ 899,R$ 566,Frete grátis,6
Refletor Led 100w Smd Prova D´água Ip66 Holofote 6500k ,R$ 62,R$ 5606,None,7
Maquina Acabamento Recarregável Detalhe Cabelo Barba Sem Fio,R$ 114,R$ 10456,Frete grátis,8
Kit 10 Spot Led 3w Direcionável Embutir Quadrado Teto Sanca,,R$ 7114,None,9
Kit Desing 3 Henna Sobrancelha Makiaj Macrilan 2 Pinça Lapis,R$ 129,R$ 11041,Frete grátis,10
Kit 2 Dispenser Para Álcool Gel + 2 Porta Papel Toalha,R$ 158,R$ 9796,Frete grátis,11
10 Placas Revestimento De Parede Pvc 3d ,R$ 78,R$ 7425,None,12
Blusa Blusinha Feminina Manga Curta Bufante Princesa Canelad,R$ 34,R$ 2757,None,13
Kit 10 Farol Milha 16 Led 48w 12v/24v Quadrad Off-road 6000k,R$ 245,R$ 21155,Frete grátis,14
Kit Jogo 4 Maçanetas Externas Portas Sorento 2006 2007 2008 ,R$ 599,R$ 51599,Frete grátis,15
Painel De Festa - Redondo Sublimado 3d Tecido 1|50 X 1|50,R$ 64,R$ 5711,None,16
500 Embalagem Lisa De Papel Kraft Para Delivery Comidas Food,R$ 177,R$ 16366,Frete grátis,17
Modulo Amplificador Taramps Ds800x4 800w Rms 4 Canais 1 Ohm,R$ 543,R$ 48883,Frete grátis,18
Puxador Alça Fritadeira Airfryer Mondial Naf-03   E  Naf-05,R$ 159,R$ 14310,Frete grátis,19
Vade Mecum Compacto Saraiva - 2022/1º Semestre 24ª Edição,R$ 129,R$ 11431,Frete grátis,20
Jogo De Soquetes Longos Sextavo 1/2 10 A 22 Mm - Mtx,R$ 126,R$ 11548,Frete grátis,21
Samsung Galaxy S20 FE Dual SIM 128 GB cloud navy 6 GB RAM,R$ 4.999,R$ 2.650,Frete grátis,22
Livro Harry Potter Coleção Série Completa (box 7 Livros),R$ 197,R$ 17336,Frete grátis,23
Vinho branco meio seco Chardonnay Santa Carolina Reservado 2018 adega Viña Santa Carolina 750 ml,R$ 32,R$ 2338,None,24
Gabinete Banheiro Creta 60 Armário + Cuba + Espelho,R$ 499,R$ 47405,Frete grátis,25
Luminária 1|9m Articulada 360º Chão Base Pedestal Coluna Lustre Abajur Leitura Sala Quarta Salão Estética Gimpo Mt930b,R$ 237,R$ 20221,Frete grátis,26
Kit Jogo Fresas Para Tupia Madeira 12 Peças Haste 6mm Vonder,R$ 149,R$ 13641,Frete grátis,27
Jogo De Toalhas Buddemeyer Doris Banho Cinza 5 Peças,R$ 179,R$ 14990,Frete grátis,28
Jogo De Brocas Bits E Buchas Com 300 Peças Mtx ,R$ 123,R$ 11193,Frete grátis,29
Kit 50 Máscaras Kn95 Proteção 5 Camada Respiratória Pff2 N95,R$ 55,R$ 4479,None,30
Baby Brink Maria Clara Youtuber 1040,R$ 125,R$ 110,Frete grátis,31
Módulo Amplificador Stetsom Ir 400.4 400w Rms 4 Canais + Rca,R$ 269,R$ 24269,Frete grátis,32
Espumante Argentino Rosé Brut Cuvée Réserve Mumm Chardonnay Pinot Noir Mendoza Garrafa 750ml,R$ 76,R$ 3826,None,33
Conjunto De Moletom Calça E Blusa De Frio Masculino Promoção,R$ 149,R$ 13499,Frete grátis,34
Cortina Luxo Varão Voil Sala  4 Metros Com Forro Microfibra,R$ 164,R$ 15665,Frete grátis,35
Smart TV Philips 6800 Series 43PFG6825/78 LED Full HD 43" 110V/240V,R$ 2.799,R$ 2.069,Frete grátis,36
Grade Portão Pet Proteção 69 A 73|5 / 79 A 83|5 Cm Cachorro,R$ 105,R$ 9240,Frete grátis,37
Grampeador Tapeceiro Alta Pressão Prof. Maleta 500 Grampos,R$ 49,R$ 4541,None,38
Samsung Galaxy M32 (5000 mAh) Dual SIM 128 GB light blue 6 GB RAM,R$ 2.399,R$ 1.899,Frete grátis,39
Fitas/tiras Reagentes G-tech Free 100 Unidades +100 Lancetas,R$ 114,R$ 9714,Frete grátis,40
Amplificador Taramps Ts400 Ts 400 X4 400 Rms 4 Canais De 100,R$ 268,R$ 24201,Frete grátis,41
Talha Manual 1 Tonelada 1000 Kg Com Corrente 5 Metros Trato,R$ 465,R$ 41850,Frete grátis,42
Amaciante Downy Lírios do campo em galão 3 L,R$ 59,R$ 4990,None,43
Kit Lampada Super Ultra Led 82w 12v/60v 6000k 8200lm,R$ 61,R$ 5255,None,44
Lustre Clearcrillic Cristal Acrílico Quadrado Perfeito,R$ 49,R$ 4050,None,45
Cozinha Infantil Big Completa Kit Brinquedo Fogão Criança,R$ 147,R$ 13003,Frete grátis,46
Ar condicionado Midea split frio 12000 BTU branco 220V 42TFCA12S5|38TFCA12S5,R$ 1.730,R$ 1.553,None,47
Tapete Sala Peludo Felpudo Luxo 2|00 X 1|50 ,R$ 149,R$ 13491,Frete grátis,48
Bobina Resistência Gtx  (variações) Cartela Com 5 Peças ,R$ 129,R$ 11699,Frete grátis,1
Controle Game Joystick Jogar Celular Bluetooth Android 9078,R$ 129,R$ 11699,Frete grátis,2
Smart TV Samsung UN32T4300AGXZD LED HD 32",R$ 2.299,R$ 1.549,Frete grátis,3
Ventilador Oscilante Arge Max 60 Coluna 3pás 200w Aço Bivolt,R$ 438,R$ 39464,Frete grátis,4
Plastico Bolha -  Bobina 40 Cm X 100 M 25 Micras 2 Unidades,R$ 69,R$ 6263,None,5
Vinho Tinto Chileno Viña Maipo Carménère 750ml Mi Pueblo,R$ 34,R$ 1885,None,6
Kit 2 Peças Classic Apoio E Lateral Redonda Mdf Pé Palito,R$ 179,R$ 16191,Frete grátis,7
Grade De Proteção Para Pet Cães Para Portas Portão - 80cm.,R$ 78,R$ 6943,None,8
30 Produtos = Shampoo Condicionador Mascara Capilar Cabelo,R$ 156,R$ 14664,Frete grátis,9
Caixa De Som Edifier R1000t4 Portátil Blak Home Studio 2.0,R$ 888,R$ 76451,Frete grátis,10
Travesseiro 100% Algodão 200 Fios Ortobom - 2 Unidades,R$ 78,R$ 7263,None,11
Batedeira de mão/com pedestal Britânia Pérola Maxx vermelha 127 V,R$ 127,R$ 8990,Frete grátis,12
Caixa De Dinheiro Niqueleira Gaveta Noteiro Preta Com Chave,R$ 139,R$ 11899,Frete grátis,13
Mascara Respirador Pff2 S/ Valv Aura 3m 9320 N95 10 Uni,R$ 75,R$ 6451,None,14
Fitas Compatível Etiquetador Brother Pt-70 Pt-80 Pt-90,R$ 28,R$ 2601,None,15
Controle Video Game Xbox 360 Com Fio Joystick Xbox360 E Pc,R$ 68,R$ 5864,None,16
Cortina Jacquard Semi Blackout 4 00mts X 2 70mts Esticada,R$ 139,R$ 13290,Frete grátis,17
Kit Narguilé Black Hookah Mini Monster + Fogareiro +abafador,R$ 154,R$ 14336,Frete grátis,18
Cílios Nagaraku Fio A Fio - Todos Os Modelos,R$ 36,R$ 3136,None,19
Fone De Ouvido Lightning Lacrado P/ iPhone 7 8 Plus X Xr Nfe,R$ 164,R$ 14804,Frete grátis,20
Impressora a cor multifuncional HP Deskjet Ink Advantage 2376 branca e verde 100V/240V,R$ 469,R$ 349,Frete grátis,21
4 Câmara De Ar Pirelli Mtb 29 X 1.75/2.35 Presta (bico Fino),R$ 109,R$ 9450,Frete grátis,22
Aparelho Telefônico Fixo Com Fio Intelbras Pleno Preto,R$ 58,R$ 5027,None,23
Aspirador de pó Mondial Hepa Turbo 2000 AP-15 1L orange 127V,R$ 399,R$ 293,Frete grátis,24
Filtro De Ar Para Compressor Com Regulador Lubrificador 1/4,R$ 101,R$ 9236,Frete grátis,25
Bateria Infantil Rock Party Com Banquinho Banqueta Meninos,R$ 218,R$ 19271,Frete grátis,26
Máscara Descartável De Proteção Facial Tripla Cx C/ 50 Pçs,R$ 29,R$ 2549,None,27
Cama Elástica / Pula Pula / Trampolim - 2|30m,R$ 979,R$ 86152,None,28
Secador de cabelo GA.MA Italy IQ Perfetto cinza 220V - 240V,,R$ 1.549,Frete grátis,29
Lote Porcelanato Hd Bromo 60x60 Polido Rocha 64m²,R$ 1.049,R$ 68204,None,30
Kit Rolinhos Montessoriano Mini Cama 4 Pçs Menino Menina,R$ 159,R$ 14071,Frete grátis,31
Vinho Chileno Tinto Meio Seco Mi Pueblo Cabernet Sauvignon Garrafa 750ml,R$ 34,R$ 1885,None,32
Processador Crossover De Áudio Digital Stetsom Stx2448,R$ 349,R$ 30014,Frete grátis,33
Fonte Carregador Usina 200a Voltímetro Bivolt Automático ,R$ 769,R$ 69210,Frete grátis,34
Modulo Taramps Ds 1200x4 1200w Rms 4 Ch 2 Ohms Amplificador,R$ 765,R$ 68850,Frete grátis,35
Cadeira Para Auto Mass 0 A 36 Kgs Fisher Price Bb329,R$ 758,R$ 63990,None,36
Kit Unha Acrigel Fibra + Cabine + Lixa + Kit Gel Acrygel,R$ 218,R$ 17576,Frete grátis,37
Torno Morsa De Bancada 5 125 Mm Giratoria C/ Bigorna Sparta,R$ 158,R$ 15010,Frete grátis,38
Módulo Amplificador Stetsom Hl800.4 800 Wrms 2 Ohms 4 Canais,R$ 515,R$ 46430,Frete grátis,39
Secador de cabelo Britânia SP2100 Cherry rosa 127V,R$ 109,R$ 9990,Frete grátis,40
Fonte Automotiva Usina 200a 14|4v 220v Com Voltímetro,R$ 719,R$ 64790,Frete grátis,41
Vinho Argentino Trivento Malbec Rosé 750ml,R$ 79,R$ 3476,None,42
Alto-falante JBL Clip 4 portátil com bluetooth blue ,R$ 399,R$ 299,Frete grátis,43
Cadeira Musical Vibratória Bebê Funtime Maxibaby 18kgs Leão,R$ 349,R$ 278,Frete grátis,44
Lustre Pendente Cristal Acrílico Manucrillic Cobre,R$ 147,R$ 11990,Frete grátis,45
Ventilador de coluna Wap W130 Coluna preto com 5 pás cor  cinza| 50 cm de diâmetro 220 V,R$ 262,R$ 24890,Frete grátis,46
Kit Para Fazer Pulseiras Coloridas| Bijuteria| Artesanato,R$ 119,R$ 10671,Frete grátis,47
Shampoo Antibacteriano Cloresten Agener Pet 500ml ,R$ 155,R$ 10990,Frete grátis,48
Andador Infantil De Bebê Safari Rosa Tutty Baby,R$ 229,R$ 198,Frete grátis,1
Massageador Elétrico Orbital 2600 Rotações - Relaxmedic,R$ 189,R$ 17091,Frete grátis,2
Kit 3 Calcas Feminino Skinny Jeans Hot Pants Plus Size Lycra,R$ 188,R$ 17007,Frete grátis,3
Carrinho De Bebe Mosquiteiro  Reversivel + Bolsa,R$ 624,R$ 54991,Frete grátis,4
Capa Roupa Chuva Nave Combat Pvc Moto Motoqueiro,R$ 109,R$ 10440,Frete grátis,5
Corrente Masculina Prata 925 Legítima Com Garantia Vitalícia,R$ 110,R$ 10340,Frete grátis,6
Suporte Transbike Triz P/ 2 Bikes Apoio Fixo Sedan Hatch,R$ 193,R$ 17383,Frete grátis,7
Cortador de cabelo Wahl Home Diy Haircut & Beard  amarelo e preto 110V/220V,R$ 269,R$ 17990,Frete grátis,8
Boneca Bebê Reborn 100% Silicone 23 Itens Bolsa Maternidade,R$ 187,R$ 16517,Frete grátis,9
Amplificador Soundigital Sd 800w Rms 4 Canais  4 Ohms,R$ 566,R$ 50968,Frete grátis,10
Água de Coco Kero Coco 200ml,R$ 2,R$ 186,None,11
Kit 20 Esp. Isolamento Acústico Lisa 50x50 X 2cm Antichamas,R$ 269,R$ 24294,Frete grátis,12
Ultra Super Led 20000lm - H1 H3 H4 H7 H11 Hb4 6500k - Xenom,R$ 94,R$ 8167,Frete grátis,13
Kit 2 Caixas Accu-chek Active Com 100 Tiras - Promoção,R$ 141,R$ 11997,Frete grátis,14
Kit 10 Painel Plafon Led 18w Redondo Embutir Frio/quente Top,R$ 258,R$ 22962,Frete grátis,15
Arandela 2 Focos 6 Frisos Efeito Garagem Externa 20cm ,R$ 49,R$ 4690,None,16
Kit Ultra Led Shock Light Titanium H7 6000k 10000 Lm Par,R$ 178,R$ 15385,Frete grátis,17
Tupia Coluna 12mm 1600w + Jogo De Fresas 8mm 15pçs C/ Estojo,R$ 540,R$ 49140,Frete grátis,18
Controle Remoto Universal Longa Distância Jfa K1200 Vermelho,R$ 69,R$ 6290,None,19
Tapete Gigante Térmico Tatame Infantil Educativo Para Bebê,R$ 134,R$ 11871,Frete grátis,20
Bolsa Canguru Ergonômico Bebê Mãe 12 Posições 3 Em 1 ,R$ 264,R$ 23232,Frete grátis,21
Kit 5 Vestido Feminino Tubinho Canelado Preto Varias Cores,R$ 78,R$ 7101,None,22
Lustre Pendente Cristal Vidro Promoção,R$ 199,R$ 15992,Frete grátis,23
Massageador Elétrico Muscular Profissional Pistola Original,R$ 169,R$ 15210,Frete grátis,24
Kit 2 Tênis Masculino Spider Caminhada Academia + Relógio,R$ 129,R$ 10781,Frete grátis,25
Perfume Feminino Elysée Eau De Parfum 50ml De O Boticário - Original E Pronta Entrega,R$ 256,R$ 21836,Frete grátis,26
Alicate De Cuticula Profissional 722 Inox Afiado Mundial,R$ 42,R$ 3390,None,27
Kit  Farol De Milha Golf 1999 2000 2001 2002 2003 2004 2005,R$ 248,R$ 21413,Frete grátis,28
Piscina Rígida 277l Infantil Sea Crianças Férias Verão ,R$ 104,R$ 9239,Frete grátis,29
Kit 5 Bermudas Tactel| Ótima Qualidade| Envio Imediato,R$ 129,R$ 12340,Frete grátis,30
Fone De Ouvido Sem Fio Bluetooth Atender Chamada Segurança,R$ 78,R$ 7105,None,31
Motoesmeril 6  300w Bivolt 1/2cv 300 Plus Menegotti,R$ 239,R$ 21839,Frete grátis,32
Leite Pó Integral Italac Pacote 400g,R$ 14,R$ 1299,None,33
Fita De Led Dual Color Drl Shocklight Farol Dianteiro 60cm,R$ 102,R$ 8849,Frete grátis,34
Fio De Malha Premium 140metros Para Crochê - Varias Cores,R$ 35,R$ 3239,None,35
Abajur De Chão Luminaria Decore Com Cupula E Pes De Madeira,R$ 475,R$ 44734,Frete grátis,36
Conjunto Blusa + Calça Moletom +boné Fire Angelical Infantil,R$ 159,R$ 14391,Frete grátis,37
Planta Artificial Coqueiro Com Vaso Polietileno Grande ,R$ 209,R$ 18689,Frete grátis,38
Panela De Pressão Profissional 20 Litros Hotel Restaurante,R$ 449,R$ 42740,Frete grátis,39
Gin 1 Litro Apogee,R$ 49,R$ 3235,None,40
4 Strobo Automotivo Carro Ajk 4 Faróis Rgb Com Controle Novo,R$ 159,R$ 13751,Frete grátis,41
Inalador Portátil Nebulizador Sem Fio De Rede 110/220v,R$ 239,R$ 20315,Frete grátis,42
Atacado Caixa 12x Creatina Double Force 150g - Bodyaction,R$ 476,R$ 44301,Frete grátis,43
Furadeira De Impacto Martelete Rompedor 960w Autoreverso,R$ 469,R$ 44086,Frete grátis,44
Ventilador De Mesa Portátil 40cm 80w Preto Ventimais,R$ 169,R$ 15291,Frete grátis,45
Vinho tinto meio seco Carménère Reservado Reservado 2019 adega Concha y Toro 750 ml,R$ 39,R$ 2465,None,46
Kit 10 Fita Compatível Brother M231 Mk231 T 12mm Pt 80 70 90,R$ 189,R$ 17091,Frete grátis,47
Apple iPhone 12 (128 GB) - Branco,R$ 7.599,R$ 6.099,Frete grátis,48
Apple iPhone 12 (128 GB) - Branco,R$ 7.599,R$ 6.099,Frete grátis,1
Bota Botina De Segurança Para Trabalho Marluvas Couro Nobuck,R$ 149,R$ 13478,Frete grátis,2
Tapete Sala Peludo Felpudo Pelo Alto Shaggy Luxo 2|40 X 2|00,R$ 219,R$ 20010,Frete grátis,3
Receptor Digital Oi Tv Livre Hd Etrs37 Promoção,R$ 339,R$ 31610,Frete grátis,4
Freezer vertical Consul CVU30EB branco 246L 127V ,R$ 3.309,R$ 3.099,Frete grátis,5
Apple Watch SE (GPS + Cellular| 44mm) - Caixa de alumínio dourada - Pulseira esportiva Rosa-areia,R$ 5.000,R$ 2.999,Frete grátis,6
Faqueiro Ipanema Lâminas Aço Inox 30 Peças Tramontina ,R$ 64,R$ 59,None,7
Apple Watch SE (GPS + Cellular| 40mm) - Caixa de alumínio prateado - Pulseira esportiva Branco,R$ 3.959,R$ 2.899,Frete grátis,8
Samsung Galaxy S20 FE Dual SIM 128 GB cloud white 6 GB RAM,R$ 4.999,R$ 2.640,Frete grátis,9
Cozinha Compacta 12 Portas 1 Gaveta C/ Tampo Clara - Poliman,R$ 659,R$ 62690,None,10
 Kit 6 Cuecas Masculino Slip Max Zorba,R$ 159,R$ 8590,Frete grátis,11
Xô Febre Alivio Da Febre Adulto Criança Compressa Entrega Já,R$ 43,R$ 3828,None,12
Kit Mochila Patrulha Canina Infantil Feminina Escolar Costa,R$ 199,R$ 18799,Frete grátis,13
Disco De Corte Aço/inox 4 1/2 Speedmax 100 Pçs Promoção Kit,R$ 142,R$ 12933,Frete grátis,14
Gin Tanqueray Tonic 275 Ml,R$ 19,R$ 1540,None,15
Cadeirinha De Descanso Bebe Musical Vibratória Balanço 18kg,R$ 369,R$ 288,Frete grátis,16
Kit Painel Redondo 1|5 X 1|5 E Capas Cilindros Festas,R$ 204,R$ 18031,Frete grátis,17
Kit Decoração 2 Cestos Taboa Fibra Natural Preto Boho Chic,R$ 355,R$ 33370,Frete grátis,18
Barramento De Led Completo 43s5295 43s5195 43pfg5813 ,R$ 139,R$ 12591,Frete grátis,19
Secador De Cabelos Taiff Fox Ion 2000w Prata 110v,R$ 332,R$ 31540,Frete grátis,20
Vestido Midi Godê Festa Casamento Moda Evangélica + Cinto,R$ 109,R$ 9855,Frete grátis,21
Modulo Taramps Ds440x4 Digital 440w Mono Estereo,R$ 330,R$ 297,Frete grátis,22
Kit Bota Caterpillar Adventure Couro Carteira Cinto Chinelo ,R$ 139,R$ 12879,Frete grátis,23
Sabão líquido Omo Lavagem Perfeita galão 3 L,R$ 45,R$ 3290,None,24
Tablete Interativo Infantil De Crianças Bilingue Educativo,R$ 69,R$ 6151,None,25
Cadeira De Descanso Vibratória E Musical Protek Girafa Gigi,R$ 189,R$ 169,Frete grátis,26
Samsung Galaxy M12 (5000 mAh) Dual SIM 64 GB preto 4 GB RAM,R$ 1.599,R$ 1.149,Frete grátis,27
Volante Gamer Logitech Driving Force G920 Para Xbox One E Pc,R$ 1.999,R$ 1.700,Frete grátis,28
Banheira Retrátil Em Silicone,R$ 199,R$ 17591,Frete grátis,29
Pasta Nº 3 Para Hinos De Igreja - Ótima Qualidade,R$ 15,R$ 1399,None,30
Kit 3x Lavitan Hair C/60 Cáps Vitamina Força Cabelos E Unhas,R$ 45,R$ 2490,None,31
Película De iPhone Privacidade Anti Espião Vidro Resistente ,R$ 32,R$ 2969,None,32
Smart TV LG 32LM627BPSB LED HD 32" 100V/240V,R$ 2.059,R$ 1.559,Frete grátis,33
Cadeira Alimentacao Portatil Refeição Bebe Cadeirinha Poke,R$ 325,R$ 286,Frete grátis,34
4 Calças Jeans Feminina Cintura Alta Com Lycra - Barata,R$ 194,R$ 17549,Frete grátis,35
Samsung Galaxy M22 Dual SIM 128 GB azul 4 GB RAM,R$ 1.799,R$ 1.514,Frete grátis,36
Conjunto De Panela Rochedo Smart Preto - 5 Peças ,R$ 299,R$ 19499,Frete grátis,37
Kit 5 Bermuda Moletom Masculinas Atacado Revend,R$ 102,R$ 9588,Frete grátis,38
Kit 4 Pneus 205/55r16 Firestone F-600 91v,R$ 1.559,R$ 1.388,None,39
Soprador Térmico Vonder Profissional Stv1500n 500° C/4 Bicos,R$ 188,R$ 17180,Frete grátis,40
Buzina Ar C/ Compressor 12v Metal Cromada Marítima Caminhão,R$ 191,R$ 16502,Frete grátis,41
Modulo Taramps Ts400 Digital 4 Canais 400w Rms Rca + Cabo,R$ 305,R$ 27450,Frete grátis,42
Caixa Copo Descartável Transparente 180ml 1000 Unidades!,R$ 59,R$ 5699,None,43
Kit Farol Milha Gol Quadrado 1987 1988 1989 90 91 92 93 1994,R$ 189,R$ 16331,Frete grátis,44
Tênis Runfalcon 2.0 Feminino adidas,R$ 299,R$ 19999,Frete grátis,45
Par Pneus Pirelli Scorpion Pro 29 X2.20 Kevlar Mtb + Brinde,R$ 329,R$ 28489,Frete grátis,46
Ar Condicionado Split 9.000 Btus Frio Philco Pas9200f1 220v,R$ 1.899,R$ 1.269,None,47
Boneca Bebê Reborn Realista Linda 20 Itens Bolsa Maternidade,R$ 187,R$ 16517,Frete grátis,48
